x,y,z,tonnage,grade,economic_value,reserve
0,0,0,1000,0.1017,-14913.57,-1
0,0,1,1000,0.1263,-13683.1,-1
0,0,2,1000,0.161,-11948.1,-1
0,0,3,1000,0.1744,-11280.27,-1
0,0,4,1000,0.1657,-11716.62,-1
0,0,5,1000,0.1654,-11730.09,-1
0,0,6,1000,0.1827,-10866.32,-1
0,0,7,1000,0.1847,-10765.37,-1
0,0,8,1000,0.1695,-11524.69,-1
0,0,9,1000,0.1304,-13480.78,-1
0,1,0,1000,0.1195,-14025.95,-1
0,1,1,1000,0.1536,-12319.22,-1
0,1,2,1000,0.2015,-9925.0,-1
0,1,3,1000,0.2269,-8655.72,-1
0,1,4,1000,0.2277,-8613.52,-1
0,1,5,1000,0.234,-8300.36,-1
0,1,6,1000,0.2486,-7571.71,-1
0,1,7,1000,0.2394,-8027.57,-1
0,1,8,1000,0.2026,-9872.3,-1
0,1,9,1000,0.1493,-12533.88,-1
0,2,0,1000,0.155,-12252.15,-1
0,2,1,1000,0.2037,-9813.66,-1
0,2,2,1000,0.2474,-7630.77,-1
0,2,3,1000,0.2888,-5562.2,-1
0,2,4,1000,0.3228,-3858.49,-1
0,2,5,1000,0.3227,-3865.97,-1
0,2,6,1000,0.2972,-5141.75,-1
0,2,7,1000,0.2623,-6887.14,-1
0,2,8,1000,0.2146,-9272.39,-1
0,2,9,1000,0.1696,-11519.99,-1
0,3,0,1000,0.1741,-11293.36,-1
0,3,1,1000,0.2327,-8363.67,-1
0,3,2,1000,0.2741,-6294.17,-1
0,3,3,1000,0.3267,-3662.68,-1
0,3,4,1000,0.3896,-519.8,-1
0,3,5,1000,0.4071,353.0,-1
0,3,6,1000,0.3645,-1775.47,-1
0,3,7,1000,0.31,-4499.93,-1
0,3,8,1000,0.2592,-7038.85,-1
0,3,9,1000,0.2173,-9135.06,-1
0,4,0,1000,0.1692,-11538.99,-1
0,4,1,1000,0.2339,-8307.01,-1
0,4,2,1000,0.2882,-5590.59,-1
0,4,3,1000,0.3448,-2761.85,-1
0,4,4,1000,0.4148,739.83,-1
0,4,5,1000,0.4673,3365.42,-1
0,4,6,1000,0.4382,1912.45,-1
0,4,7,1000,0.3713,-1433.77,-1
0,4,8,1000,0.3122,-4392.44,-1
0,4,9,1000,0.2585,-7076.52,-1
0,5,0,1000,0.1722,-11387.8,-1
0,5,1,1000,0.2507,-7463.02,-1
0,5,2,1000,0.3279,-3603.56,-1
0,5,3,1000,0.3706,-1470.96,-1
0,5,4,1000,0.4128,640.37,-1
0,5,5,1000,0.4691,3457.45,-1
0,5,6,1000,0.4478,2390.54,-1
0,5,7,1000,0.3723,-1385.58,-1
0,5,8,1000,0.3191,-4046.78,-1
0,5,9,1000,0.2579,-7104.14,-1
0,6,0,1000,0.1843,-10786.2,-1
0,6,1,1000,0.2678,-6608.3,-1
0,6,2,1000,0.3441,-2794.38,-1
0,6,3,1000,0.3697,-1517.22,-1
0,6,4,1000,0.3905,-473.48,-1
0,6,5,1000,0.4357,1786.15,-1
0,6,6,1000,0.4156,778.32,-1
0,6,7,1000,0.3431,-2845.28,-1
0,6,8,1000,0.3047,-4762.56,-1
0,6,9,1000,0.2473,-7634.72,-1
0,7,0,1000,0.1811,-10947.38,-1
0,7,1,1000,0.2548,-7261.14,-1
0,7,2,1000,0.3133,-4335.65,-1
0,7,3,1000,0.3288,-3560.63,-1
0,7,4,1000,0.343,-2850.86,-1
0,7,5,1000,0.3797,-1013.95,-1
0,7,6,1000,0.3672,-1639.03,-1
0,7,7,1000,0.3109,-4453.41,-1
0,7,8,1000,0.2851,-5746.77,-1
0,7,9,1000,0.2358,-8209.54,-1
0,8,0,1000,0.1671,-11644.68,-1
0,8,1,1000,0.2237,-8815.55,-1
0,8,2,1000,0.2711,-6447.11,-1
0,8,3,1000,0.2846,-5770.69,-1
0,8,4,1000,0.2811,-5946.99,-1
0,8,5,1000,0.2794,-6032.25,-1
0,8,6,1000,0.2807,-5966.67,-1
0,8,7,1000,0.2606,-6968.21,-1
0,8,8,1000,0.2393,-8035.76,-1
0,8,9,1000,0.1929,-10356.07,-1
0,9,0,1000,0.1306,-13469.52,-1
0,9,1,1000,0.1712,-11439.58,-1
0,9,2,1000,0.2141,-9295.82,-1
0,9,3,1000,0.2281,-8594.06,-1
0,9,4,1000,0.2189,-9056.55,-1
0,9,5,1000,0.2134,-9331.14,-1
0,9,6,1000,0.2291,-8543.63,-1
0,9,7,1000,0.2265,-8676.81,-1
0,9,8,1000,0.2021,-9896.09,-1
0,9,9,1000,0.1572,-12138.55,-1
1,0,0,1000,0.1267,-13667.1,-1
1,0,1,1000,0.1595,-12026.04,-1
1,0,2,1000,0.2136,-9321.53,-1
1,0,3,1000,0.2428,-7861.88,-1
1,0,4,1000,0.2394,-8028.1,-1
1,0,5,1000,0.2395,-8024.32,-1
1,0,6,1000,0.2532,-7342.2,-1
1,0,7,1000,0.2447,-7766.36,-1
1,0,8,1000,0.2102,-9490.39,-1
1,0,9,1000,0.1592,-12041.3,-1
1,1,0,1000,0.1555,-12226.85,-1
1,1,1,1000,0.2023,-9883.26,-1
1,1,2,1000,0.2734,-6330.03,-1
1,1,3,1000,0.3187,-4063.39,-1
1,1,4,1000,0.329,-3549.64,-1
1,1,5,1000,0.3389,-3053.51,-1
1,1,6,1000,0.3493,-2532.73,-1
1,1,7,1000,0.3238,-3809.25,-1
1,1,8,1000,0.2571,-7146.59,-1
1,1,9,1000,0.1847,-10762.54,-1
1,2,0,1000,0.2015,-9927.49,-1
1,2,1,1000,0.2712,-6439.98,-1
1,2,2,1000,0.3384,-3078.12,-1
1,2,3,1000,0.401,51.84,-1
1,2,4,1000,0.4557,2786.82,-1
1,2,5,1000,0.4768,3837.71,-1
1,2,6,1000,0.4493,2465.24,-1
1,2,7,1000,0.3857,-712.78,-1
1,2,8,1000,0.2861,-5695.46,-1
1,2,9,1000,0.2073,-9634.11,-1
1,3,0,1000,0.2293,-8537.46,-1
1,3,1,1000,0.3154,-4229.88,-1
1,3,2,1000,0.3804,-978.7,-1
1,3,3,1000,0.4563,2817.39,-1
1,3,4,1000,0.5542,7709.19,-1
1,3,5,1000,0.6197,10984.75,-1
1,3,6,1000,0.5802,9010.21,-1
1,3,7,1000,0.4813,4063.01,-1
1,3,8,1000,0.3542,-2288.69,-1
1,3,9,1000,0.263,-6851.95,-1
1,4,0,1000,0.2337,-8315.4,-1
1,4,1,1000,0.3284,-3579.04,-1
1,4,2,1000,0.4072,359.73,-1
1,4,3,1000,0.4905,4526.62,-1
1,4,4,1000,0.6047,10237.01,-1
1,4,5,1000,0.7237,16186.07,-1
1,4,6,1000,0.7003,15015.08,-1
1,4,7,1000,0.5767,8834.71,-1
1,4,8,1000,0.4299,1494.52,-1
1,4,9,1000,0.3191,-4042.95,-1
1,5,0,1000,0.2497,-7515.94,-1
1,5,1,1000,0.3582,-2088.33,-1
1,5,2,1000,0.4658,3287.72,-1
1,5,3,1000,0.5425,7124.73,-1
1,5,4,1000,0.6245,11223.59,-1
1,5,5,1000,0.7244,16218.85,-1
1,5,6,1000,0.693,14648.32,-1
1,5,7,1000,0.5625,8126.5,-1
1,5,8,1000,0.4453,2267.32,-1
1,5,9,1000,0.3387,-3065.5,-1
1,6,0,1000,0.2635,-6822.91,-1
1,6,1,1000,0.3753,-1237.48,-1
1,6,2,1000,0.4843,4214.13,-1
1,6,3,1000,0.5454,7272.27,-1
1,6,4,1000,0.597,9850.75,-1
1,6,5,1000,0.6594,12968.3,-1
1,6,6,1000,0.6178,10891.9,-1
1,6,7,1000,0.4997,4984.44,-1
1,6,8,1000,0.4187,936.42,-1
1,6,9,1000,0.328,-3600.25,-1
1,7,0,1000,0.251,-7451.23,-1
1,7,1,1000,0.3475,-2625.62,-1
1,7,2,1000,0.4301,1505.2,-1
1,7,3,1000,0.4726,3629.11,-1
1,7,4,1000,0.5099,5496.01,-1
1,7,5,1000,0.5578,7888.36,-1
1,7,6,1000,0.5293,6462.9,-1
1,7,7,1000,0.4395,1973.26,-1
1,7,8,1000,0.3802,-991.58,-1
1,7,9,1000,0.3033,-4834.23,-1
1,8,0,1000,0.2249,-8753.18,-1
1,8,1,1000,0.2955,-5224.91,-1
1,8,2,1000,0.3492,-2541.35,-1
1,8,3,1000,0.3772,-1138.14,-1
1,8,4,1000,0.3898,-511.31,-1
1,8,5,1000,0.3932,-341.51,-1
1,8,6,1000,0.3886,-571.81,-1
1,8,7,1000,0.3553,-2235.51,-1
1,8,8,1000,0.3189,-4052.78,-1
1,8,9,1000,0.252,-7399.13,-1
1,9,0,1000,0.1756,-11221.89,-1
1,9,1,1000,0.2228,-8861.17,-1
1,9,2,1000,0.26,-7000.27,-1
1,9,3,1000,0.2793,-6032.82,-1
1,9,4,1000,0.2814,-5928.56,-1
1,9,5,1000,0.2812,-5938.66,-1
1,9,6,1000,0.2973,-5135.6,-1
1,9,7,1000,0.2918,-5411.77,-1
1,9,8,1000,0.2642,-6789.6,-1
1,9,9,1000,0.2059,-9705.57,-1
2,0,0,1000,0.1459,-12706.91,-1
2,0,1,1000,0.178,-11100.75,-1
2,0,2,1000,0.2432,-7841.7,-1
2,0,3,1000,0.295,-5250.07,-1
2,0,4,1000,0.3143,-4285.05,-1
2,0,5,1000,0.3329,-3354.56,-1
2,0,6,1000,0.3319,-3406.95,-1
2,0,7,1000,0.2931,-5346.3,-1
2,0,8,1000,0.2274,-8631.93,-1
2,0,9,1000,0.1801,-10995.26,-1
2,1,0,1000,0.1963,-10182.87,-1
2,1,1,1000,0.2484,-7579.94,-1
2,1,2,1000,0.3284,-3580.65,-1
2,1,3,1000,0.3957,-212.6,-1
2,1,4,1000,0.4295,1474.65,-1
2,1,5,1000,0.4513,2566.84,-1
2,1,6,1000,0.4406,2031.63,-1
2,1,7,1000,0.3818,-908.6,-1
2,1,8,1000,0.2905,-5474.67,-1
2,1,9,1000,0.2231,-8847.01,-1
2,2,0,1000,0.2457,-7717.05,-1
2,2,1,1000,0.3398,-3011.7,-1
2,2,2,1000,0.4397,1987.12,-1
2,2,3,1000,0.5244,6222.06,-1
2,2,4,1000,0.5937,9682.97,-1
2,2,5,1000,0.6329,11646.49,-1
2,2,6,1000,0.6014,10070.54,-1
2,2,7,1000,0.508,5401.14,-1
2,2,8,1000,0.384,-799.55,-1
2,2,9,1000,0.2821,-5896.32,-1
2,3,0,1000,0.2818,-5908.89,-1
2,3,1,1000,0.407,349.98,-1
2,3,2,1000,0.5182,5907.67,-1
2,3,3,1000,0.6163,10815.67,-1
2,3,4,1000,0.734,16701.34,-1
2,3,5,1000,0.8536,22679.6,-1
2,3,6,1000,0.8314,21569.82,-1
2,3,7,1000,0.6866,14328.58,-1
2,3,8,1000,0.5044,5219.01,-1
2,3,9,1000,0.3554,-2228.31,-1
2,4,0,1000,0.3106,-4470.56,-1
2,4,1,1000,0.4447,2233.58,-1
2,4,2,1000,0.5601,8007.1,-1
2,4,3,1000,0.6714,13568.51,-1
2,4,4,1000,0.8284,21422.37,-1
2,4,5,1000,1.0392,31959.58,-1
2,4,6,1000,1.0366,31830.28,-1
2,4,7,1000,0.8396,21979.26,-1
2,4,8,1000,0.6057,10285.68,-1
2,4,9,1000,0.4228,1138.93,-1
2,5,0,1000,0.33,-3498.93,-1
2,5,1,1000,0.4551,2757.22,-1
2,5,2,1000,0.61,10500.55,-1
2,5,3,1000,0.77,18499.84,-1
2,5,4,1000,0.9347,26734.81,-1
2,5,5,1000,1.1141,35704.68,-1
2,5,6,1000,1.0697,33487.14,-1
2,5,7,1000,0.8516,22581.03,-1
2,5,8,1000,0.6384,11920.6,-1
2,5,9,1000,0.4707,3535.7,-1
2,6,0,1000,0.3208,-3961.71,-1
2,6,1,1000,0.4326,1628.84,-1
2,6,2,1000,0.6075,10376.41,-1
2,6,3,1000,0.7862,19309.3,-1
2,6,4,1000,0.9255,26276.69,-1
2,6,5,1000,1.0226,31130.66,-1
2,6,6,1000,0.9417,27087.14,-1
2,6,7,1000,0.7473,17362.7,-1
2,6,8,1000,0.5759,8792.5,-1
2,6,9,1000,0.4407,2032.87,-1
2,7,0,1000,0.2889,-5553.05,-1
2,7,1,1000,0.3823,-886.92,-1
2,7,2,1000,0.5242,6211.53,-1
2,7,3,1000,0.6673,13365.07,-1
2,7,4,1000,0.7723,18614.3,-1
2,7,5,1000,0.8351,21757.22,-1
2,7,6,1000,0.7726,18632.09,-1
2,7,7,1000,0.6286,11430.59,-1
2,7,8,1000,0.4898,4491.85,-1
2,7,9,1000,0.3751,-1247.07,-1
2,8,0,1000,0.2548,-7261.25,-1
2,8,1,1000,0.3217,-3913.6,-1
2,8,2,1000,0.4063,314.01,-1
2,8,3,1000,0.509,5448.93,-1
2,8,4,1000,0.5851,9255.15,-1
2,8,5,1000,0.6008,10041.74,-1
2,8,6,1000,0.5663,8315.37,-1
2,8,7,1000,0.5034,5169.96,-1
2,8,8,1000,0.4214,1069.9,-1
2,8,9,1000,0.3191,-4044.74,-1
2,9,0,1000,0.2064,-9678.38,-1
2,9,1,1000,0.2483,-7586.8,-1
2,9,2,1000,0.2869,-5654.76,-1
2,9,3,1000,0.3512,-2438.92,-1
2,9,4,1000,0.404,199.73,-1
2,9,5,1000,0.4092,461.85,-1
2,9,6,1000,0.3986,-68.7,-1
2,9,7,1000,0.3812,-940.59,-1
2,9,8,1000,0.3413,-2936.08,-1
2,9,9,1000,0.2609,-6954.61,-1
3,0,0,1000,0.1707,-11464.73,-1
3,0,1,1000,0.2029,-9856.13,-1
3,0,2,1000,0.2666,-6670.62,-1
3,0,3,1000,0.3285,-3575.59,-1
3,0,4,1000,0.3614,-1927.93,-1
3,0,5,1000,0.3854,-729.21,-1
3,0,6,1000,0.3705,-1477.17,-1
3,0,7,1000,0.3156,-4219.96,-1
3,0,8,1000,0.2492,-7541.52,-1
3,0,9,1000,0.213,-9350.64,-1
3,1,0,1000,0.2376,-8119.01,-1
3,1,1,1000,0.2961,-5194.83,-1
3,1,2,1000,0.3768,-1158.51,-1
3,1,3,1000,0.4577,2887.45,-1
3,1,4,1000,0.5067,5333.05,-1
3,1,5,1000,0.5199,5994.76,-1
3,1,6,1000,0.4834,4168.8,-1
3,1,7,1000,0.0791,-16045.63,0
3,1,8,1000,0.3272,-3638.79,-1
3,1,9,1000,0.2745,-6276.07,-1
3,2,0,1000,0.2859,-5705.87,-1
3,2,1,1000,0.4054,270.21,-1
3,2,2,1000,0.5436,7179.97,-1
3,2,3,1000,0.6613,13066.22,-1
3,2,4,1000,0.7423,17112.88,-1
3,2,5,1000,0.7444,17219.33,-1
3,2,6,1000,0.6752,13760.63,-1
3,2,7,1000,0.1124,-14378.43,0
3,2,8,1000,0.4696,3477.71,-1
3,2,9,1000,0.3674,-1629.23,-1
3,3,0,1000,0.3263,-3685.68,-1
3,3,1,1000,0.4929,4643.63,-1
3,3,2,1000,0.6707,13534.64,-1
3,3,3,1000,0.8233,21167.16,-1
3,3,4,1000,0.969,28450.23,-1
3,3,5,1000,1.0599,32994.36,-1
3,3,6,1000,0.9926,29630.75,-1
3,3,7,1000,0.8111,20554.78,-1
3,3,8,1000,0.6392,11958.01,-1
3,3,9,1000,0.4648,3241.08,-1
3,4,0,1000,0.3729,-1352.86,-1
3,4,1,1000,0.5512,7559.98,-1
3,4,2,1000,0.7291,16456.76,-1
3,4,3,1000,0.9088,25438.37,-1
3,4,4,1000,1.1354,36771.93,-1
3,4,5,1000,1.3757,48782.55,-1
3,4,6,1000,1.3192,45960.96,-1
3,4,7,1000,1.0347,31733.39,-1
3,4,8,1000,0.7713,18565.89,-1
3,4,9,1000,0.5444,7221.68,-1
3,5,0,1000,0.3935,-327.02,-1
3,5,1,1000,0.5403,7012.56,-1
3,5,2,1000,0.744,17197.56,-1
3,5,3,1000,1.0045,30223.77,-1
3,5,4,1000,1.2946,44729.66,-1
3,5,5,1000,1.5637,58182.8,-1
3,5,6,1000,1.4509,52542.81,-1
3,5,7,1000,1.1005,35022.9,-1
3,5,8,1000,0.8097,20485.75,-1
3,5,9,1000,0.592,9599.25,-1
3,6,0,1000,0.3665,-1677.21,-1
3,6,1,1000,0.4821,4103.53,-1
3,6,2,1000,0.7033,15164.38,-1
3,6,3,1000,0.9924,29621.59,-1
3,6,4,1000,1.2494,42470.47,-1
3,6,5,1000,1.409,50450.95,-1
3,6,6,1000,1.2633,43162.84,-1
3,6,7,1000,0.9588,27940.46,-1
3,6,8,1000,0.7045,15223.76,-1
3,6,9,1000,0.5303,6512.81,-1
3,7,0,1000,0.3193,-4034.76,-1
3,7,1,1000,0.4132,657.7,-1
3,7,2,1000,0.5977,9885.62,-1
3,7,3,1000,0.8287,21435.51,-1
3,7,4,1000,1.0099,30493.85,-1
3,7,5,1000,1.0973,34864.49,-1
3,7,6,1000,0.9918,29588.23,-1
3,7,7,1000,0.7822,19108.12,-1
3,7,8,1000,0.5775,8874.96,-1
3,7,9,1000,0.4319,1596.39,-1
3,8,0,1000,0.2755,-6226.92,-1
3,8,1,1000,0.3469,-2657.48,-1
3,8,2,1000,0.4765,3826.58,-1
3,8,3,1000,0.6588,12937.93,-1
3,8,4,1000,0.7981,19902.83,-1
3,8,5,1000,0.8203,21016.14,-1
3,8,6,1000,0.7501,17506.09,-1
3,8,7,1000,0.6498,12489.43,-1
3,8,8,1000,0.5157,5784.5,-1
3,8,9,1000,0.3755,-1224.15,-1
3,9,0,1000,0.2247,-8765.98,-1
3,9,1,1000,0.2709,-6453.16,-1
3,9,2,1000,0.3412,-2941.55,-1
3,9,3,1000,0.4626,3132.12,-1
3,9,4,1000,0.5606,8028.05,-1
3,9,5,1000,0.5626,8130.76,-1
3,9,6,1000,0.5234,6169.34,-1
3,9,7,1000,0.4876,4379.72,-1
3,9,8,1000,0.4184,920.32,-1
3,9,9,1000,0.3084,-4580.73,-1
4,0,0,1000,0.1938,-10311.95,-1
4,0,1,1000,0.2293,-8534.56,-1
4,0,2,1000,0.2824,-5878.93,-1
4,0,3,1000,0.3445,-2772.87,-1
4,0,4,1000,0.3856,-720.16,-1
4,0,5,1000,0.407,349.77,-1
4,0,6,1000,0.3892,-542.12,-1
4,0,7,1000,0.0123,-19385.98,0
4,0,8,1000,0.2822,-5889.23,-1
4,0,9,1000,0.2455,-7723.57,-1
4,1,0,1000,0.2687,-6563.87,-1
4,1,1,1000,0.3363,-3185.82,-1
4,1,2,1000,0.4124,621.53,-1
4,1,3,1000,0.4998,4989.87,-1
4,1,4,1000,0.5598,7988.23,-1
4,1,5,1000,0.5591,7955.17,-1
4,1,6,1000,0.1458,-12709.65,0
4,1,7,1000,0.0206,-18969.88,0
4,1,8,1000,0.0438,-17807.51,0
4,1,9,1000,0.3148,-4258.87,-1
4,2,0,1000,0.3255,-3723.14,-1
4,2,1,1000,0.468,3402.28,-1
4,2,2,1000,0.6286,11428.99,-1
4,2,3,1000,0.7715,18575.65,-1
4,2,4,1000,0.8655,23272.68,-1
4,2,5,1000,0.8215,21073.72,-1
4,2,6,1000,0.7181,15904.92,-1
4,2,7,1000,0.0072,-19641.77,0
4,2,8,1000,0.1256,-13718.32,0
4,2,9,1000,0.4119,596.3,-1
4,3,0,1000,0.3739,-1305.03,-1
4,3,1,1000,0.5778,8889.06,-1
4,3,2,1000,0.8083,20413.29,-1
4,3,3,1000,1.0189,30944.25,-1
4,3,4,1000,1.2047,40232.98,-1
4,3,5,1000,1.2322,41611.35,-1
4,3,6,1000,1.0937,34687.05,-1
4,3,7,1000,0.0727,-16366.77,0
4,3,8,1000,0.7012,15061.42,-1
4,3,9,1000,0.5175,5873.69,-1
4,4,0,1000,0.4271,1354.87,-1
4,4,1,1000,0.6495,12473.13,-1
4,4,2,1000,0.8901,24503.7,-1
4,4,3,1000,1.1578,37891.04,-1
4,4,4,1000,1.4974,54871.19,-1
4,4,5,1000,1.7399,66996.21,-1
4,4,6,1000,1.5491,57455.29,-1
4,4,7,1000,1.1498,37488.83,-1
4,4,8,1000,0.8512,22560.18,-1
4,4,9,1000,0.6015,10075.23,-1
4,5,0,1000,0.454,2698.36,-1
4,5,1,1000,0.6368,11842.47,-1
4,5,2,1000,0.8689,23443.74,-1
4,5,3,1000,1.2082,40412.0,-1
4,5,4,1000,1.6834,64169.8,-1
4,5,5,1000,2.1214,86072.35,-1
4,5,6,1000,1.8193,70963.92,-1
4,5,7,1000,1.2696,43479.11,-1
4,5,8,1000,0.8993,24964.34,-1
4,5,9,1000,0.6417,12087.15,-1
4,6,0,1000,0.429,1450.76,-1
4,6,1,1000,0.5726,8629.38,-1
4,6,2,1000,0.7984,19920.7,-1
4,6,3,1000,1.1393,36964.29,-1
4,6,4,1000,1.5314,56567.76,-1
4,6,5,1000,1.8085,70424.94,-1
4,6,6,1000,1.5688,58440.49,-1
4,6,7,1000,1.1232,36161.81,-1
4,6,8,1000,0.7926,19631.49,-1
4,6,9,1000,0.577,8850.05,-1
4,7,0,1000,0.3733,-1335.24,-1
4,7,1,1000,0.491,4549.65,-1
4,7,2,1000,0.6836,14179.68,-1
4,7,3,1000,0.9471,27355.12,-1
4,7,4,1000,1.1907,39536.47,-1
4,7,5,1000,1.3174,45868.76,-1
4,7,6,1000,1.1804,39020.62,-1
4,7,7,1000,0.9068,25339.38,-1
4,7,8,1000,0.653,12649.28,-1
4,7,9,1000,0.4753,3766.16,-1
4,8,0,1000,0.3054,-4728.3,-1
4,8,1,1000,0.3988,-58.09,-1
4,8,2,1000,0.5631,8157.33,-1
4,8,3,1000,0.7817,19083.2,-1
4,8,4,1000,0.9495,27474.8,-1
4,8,5,1000,0.976,28801.74,-1
4,8,6,1000,0.8886,24428.5,-1
4,8,7,1000,0.7552,17762.17,-1
4,8,8,1000,0.5808,9039.98,-1
4,8,9,1000,0.4113,566.92,-1
4,9,0,1000,0.2358,-8208.05,-1
4,9,1,1000,0.2989,-5054.77,-1
4,9,2,1000,0.4065,322.81,-1
4,9,3,1000,0.5549,7745.91,-1
4,9,4,1000,0.6625,13126.6,-1
4,9,5,1000,0.6612,13061.94,-1
4,9,6,1000,0.6133,10662.83,-1
4,9,7,1000,0.5599,7994.61,-1
4,9,8,1000,0.4622,3109.16,-1
4,9,9,1000,0.331,-3450.74,-1
5,0,0,1000,0.1957,-10215.91,-1
5,0,1,1000,0.2336,-8320.73,-1
5,0,2,1000,0.2652,-6739.34,-1
5,0,3,1000,0.331,-3451.26,-1
5,0,4,1000,0.3975,-126.14,-1
5,0,5,1000,0.4263,1315.7,-1
5,0,6,1000,0.4188,939.95,-1
5,0,7,1000,0.3842,-791.66,-1
5,0,8,1000,0.3147,-4266.18,-1
5,0,9,1000,0.2521,-7393.98,-1
5,1,0,1000,0.2698,-6511.23,-1
5,1,1,1000,0.3434,-2830.65,-1
5,1,2,1000,0.4036,178.29,-1
5,1,3,1000,0.4975,4877.19,-1
5,1,4,1000,0.5848,9238.13,-1
5,1,5,1000,0.5902,9509.44,-1
5,1,6,1000,0.5574,7869.43,-1
5,1,7,1000,0.1412,-12939.03,0
5,1,8,1000,0.4024,121.84,-1
5,1,9,1000,0.3155,-4223.55,-1
5,2,0,1000,0.3501,-2494.76,-1
5,2,1,1000,0.5076,5378.62,-1
5,2,2,1000,0.654,12700.19,-1
5,2,3,1000,0.7774,18870.66,-1
5,2,4,1000,0.87,23501.56,-1
5,2,5,1000,0.857,22851.23,-1
5,2,6,1000,0.8025,20125.38,-1
5,2,7,1000,0.091,-15451.81,0
5,2,8,1000,0.5405,7022.66,-1
5,2,9,1000,0.4109,546.04,-1
5,3,0,1000,0.414,701.44,-1
5,3,1,1000,0.6457,12284.87,-1
5,3,2,1000,0.8843,24214.21,-1
5,3,3,1000,1.0758,33791.98,-1
5,3,4,1000,1.2402,42007.67,-1
5,3,5,1000,1.2799,43996.22,-1
5,3,6,1000,1.1921,39602.98,-1
5,3,7,1000,0.9532,27657.78,-1
5,3,8,1000,0.7035,15173.39,-1
5,3,9,1000,0.5076,5380.53,-1
5,4,0,1000,0.4586,2932.2,-1
5,4,1,1000,0.7176,15878.8,-1
5,4,2,1000,0.9969,29843.57,-1
5,4,3,1000,1.2835,44174.5,-1
5,4,4,1000,1.6418,62087.65,-1
5,4,5,1000,1.8739,73693.37,-1
5,4,6,1000,1.642,62100.99,-1
5,4,7,1000,1.1925,39624.12,-1
5,4,8,1000,0.8194,20967.59,-1
5,4,9,1000,0.5649,8244.01,-1
5,5,0,1000,0.4773,3865.53,-1
5,5,1,1000,0.6991,14952.92,-1
5,5,2,1000,0.95,27500.52,-1
5,5,3,1000,1.3071,45354.4,-1
5,5,4,1000,1.8934,74669.89,-1
5,5,5,1000,2.9017,125087.25,-1
5,5,6,1000,2.0137,80686.56,-1
5,5,7,1000,1.3477,47386.92,-1
5,5,8,1000,0.8969,24846.83,-1
5,5,9,1000,0.6079,10392.8,-1
5,6,0,1000,0.4667,3334.96,-1
5,6,1,1000,0.6546,12731.36,-1
5,6,2,1000,0.8893,24467.41,-1
5,6,3,1000,1.2434,42169.9,-1
5,6,4,1000,1.726,66298.18,-1
5,6,5,1000,2.1215,86073.98,-1
5,6,6,1000,1.8416,72082.27,-1
5,6,7,1000,1.3139,45694.45,-1
5,6,8,1000,0.89,24499.64,-1
5,6,9,1000,0.6071,10354.4,-1
5,7,0,1000,0.4195,973.31,-1
5,7,1,1000,0.5841,9206.62,-1
5,7,2,1000,0.8025,20125.61,-1
5,7,3,1000,1.0807,34037.05,-1
5,7,4,1000,1.3607,48034.44,-1
5,7,5,1000,1.5223,56114.38,-1
5,7,6,1000,1.4043,50215.61,-1
5,7,7,1000,1.0986,34927.81,-1
5,7,8,1000,0.7785,18925.25,-1
5,7,9,1000,0.5407,7035.84,-1
5,8,0,1000,0.3309,-3455.69,-1
5,8,1,1000,0.4652,3261.66,-1
5,8,2,1000,0.6633,13165.63,-1
5,8,3,1000,0.8671,23353.18,-1
5,8,4,1000,1.0115,30576.6,-1
5,8,5,1000,1.0496,32480.81,-1
5,8,6,1000,0.984,29199.19,-1
5,8,7,1000,0.8311,21553.61,-1
5,8,8,1000,0.6313,11562.93,-1
5,8,9,1000,0.4425,2124.36,-1
5,9,0,1000,0.235,-8251.18,-1
5,9,1,1000,0.3263,-3683.93,-1
5,9,2,1000,0.459,2951.84,-1
5,9,3,1000,0.5762,8810.51,-1
5,9,4,1000,0.6427,12135.71,-1
5,9,5,1000,0.6528,12640.59,-1
5,9,6,1000,0.6266,11332.38,-1
5,9,7,1000,0.5585,7924.19,-1
5,9,8,1000,0.4527,2635.09,-1
5,9,9,1000,0.3243,-3787.11,-1
6,0,0,1000,0.1861,-10696.46,-1
6,0,1,1000,0.228,-8598.38,-1
6,0,2,1000,0.2676,-6617.69,-1
6,0,3,1000,0.3476,-2621.92,-1
6,0,4,1000,0.4214,1070.5,-1
6,0,5,1000,0.4233,1166.38,-1
6,0,6,1000,0.4053,266.06,-1
6,0,7,1000,0.3838,-807.97,-1
6,0,8,1000,0.3121,-4393.55,-1
6,0,9,1000,0.2399,-8004.56,-1
6,1,0,1000,0.2502,-7487.86,-1
6,1,1,1000,0.327,-3651.73,-1
6,1,2,1000,0.4008,38.38,-1
6,1,3,1000,0.5117,5586.86,-1
6,1,4,1000,0.6054,10269.35,-1
6,1,5,1000,0.5847,9233.78,-1
6,1,6,1000,0.5466,7327.77,-1
6,1,7,1000,0.5042,5210.63,-1
6,1,8,1000,0.3978,-108.56,-1
6,1,9,1000,0.2988,-5060.21,-1
6,2,0,1000,0.3209,-3956.7,-1
6,2,1,1000,0.4733,3664.09,-1
6,2,2,1000,0.6207,11032.99,-1
6,2,3,1000,0.7338,16690.99,-1
6,2,4,1000,0.8165,20822.55,-1
6,2,5,1000,0.8393,21964.56,-1
6,2,6,1000,0.8296,21478.24,-1
6,2,7,1000,0.7217,16085.21,-1
6,2,8,1000,0.5455,7275.18,-1
6,2,9,1000,0.4048,241.78,-1
6,3,0,1000,0.3753,-1233.54,-1
6,3,1,1000,0.5959,9794.2,-1
6,3,2,1000,0.8312,21561.36,-1
6,3,3,1000,0.9894,29469.21,-1
6,3,4,1000,1.1084,35420.51,-1
6,3,5,1000,1.2033,40165.71,-1
6,3,6,1000,1.2027,40134.36,-1
6,3,7,1000,0.9833,29167.01,-1
6,3,8,1000,0.7009,15045.86,-1
6,3,9,1000,0.5023,5117.15,-1
6,4,0,1000,0.406,302.36,-1
6,4,1,1000,0.6527,12632.81,-1
6,4,2,1000,0.9408,27037.74,-1
6,4,3,1000,1.1893,39464.96,-1
6,4,4,1000,1.4313,51565.05,-1
6,4,5,1000,1.5917,59587.18,-1
6,4,6,1000,2.5998,109992.13,1
6,4,7,1000,1.745,67249.71,1
6,4,8,1000,1.3385,46923.29,1
6,4,9,1000,0.5377,6886.34,-1
6,5,0,1000,0.4148,738.2,-1
6,5,1,1000,0.6288,11440.03,-1
6,5,2,1000,0.8935,24676.1,-1
6,5,3,1000,1.21,40500.09,-1
6,5,4,1000,1.5993,59966.81,-1
6,5,5,1000,1.8751,73752.78,-1
6,5,6,1000,1.6598,62988.94,-1
6,5,7,1000,1.217,40847.94,-1
6,5,8,1000,0.8265,21326.67,-1
6,5,9,1000,0.5602,8011.96,-1
6,6,0,1000,0.4143,716.16,-1
6,6,1,1000,0.6034,10169.16,-1
6,6,2,1000,0.8578,22889.17,-1
6,6,3,1000,1.1892,39461.07,-1
6,6,4,1000,1.5607,58034.06,-1
6,6,5,1000,1.7805,69022.59,-1
6,6,6,1000,1.61,60500.45,-1
6,6,7,1000,1.2264,41318.85,-1
6,6,8,1000,0.8592,22959.62,-1
6,6,9,1000,0.5862,9308.21,-1
6,7,0,1000,0.388,-600.95,-1
6,7,1,1000,0.5617,8085.49,-1
6,7,2,1000,0.8051,20254.69,-1
6,7,3,1000,1.0776,33878.2,-1
6,7,4,1000,1.3147,45736.07,-1
6,7,5,1000,1.4179,50897.01,-1
6,7,6,1000,1.325,46249.41,-1
6,7,7,1000,1.0758,33790.31,-1
6,7,8,1000,0.7876,19380.89,-1
6,7,9,1000,0.5509,7543.88,-1
6,8,0,1000,0.3321,-3393.43,-1
6,8,1,1000,0.4802,4010.33,-1
6,8,2,1000,0.6791,13955.24,-1
6,8,3,1000,0.8503,22515.16,-1
6,8,4,1000,0.9587,27935.82,-1
6,8,5,1000,0.9919,29592.95,-1
6,8,6,1000,0.9477,27387.47,-1
6,8,7,1000,0.8107,20535.79,-1
6,8,8,1000,0.6367,11833.25,-1
6,8,9,1000,0.4587,2934.85,-1
6,9,0,1000,0.2453,-7736.99,-1
6,9,1,1000,0.3478,-2609.91,-1
6,9,2,1000,0.468,3398.87,-1
6,9,3,1000,0.5446,7231.86,-1
6,9,4,1000,0.5811,9056.04,-1
6,9,5,1000,0.6052,10257.94,-1
6,9,6,1000,0.5998,9992.02,-1
6,9,7,1000,0.5333,6666.0,-1
6,9,8,1000,0.4464,2320.16,-1
6,9,9,1000,0.3323,-3385.56,-1
7,0,0,1000,0.1717,-11414.7,-1
7,0,1,1000,0.2149,-9256.15,-1
7,0,2,1000,0.271,-6451.69,-1
7,0,3,1000,0.3528,-2358.39,-1
7,0,4,1000,0.4102,507.69,-1
7,0,5,1000,0.3819,-904.98,-1
7,0,6,1000,0.3487,-2564.14,-1
7,0,7,1000,0.3322,-3389.55,-1
7,0,8,1000,0.2827,-5862.54,-1
7,0,9,1000,0.2247,-8763.49,-1
7,1,0,1000,0.2223,-8883.05,-1
7,1,1,1000,0.2944,-5280.76,-1
7,1,2,1000,0.3844,-781.03,-1
7,1,3,1000,0.4954,4772.03,-1
7,1,4,1000,0.568,8399.05,-1
7,1,5,1000,0.5203,6015.36,-1
7,1,6,1000,0.4711,3556.96,-1
7,1,7,1000,0.4391,1956.07,-1
7,1,8,1000,0.3639,-1803.12,-1
7,1,9,1000,0.2837,-5812.96,-1
7,2,0,1000,0.2622,-6887.65,-1
7,2,1,1000,0.391,-450.98,-1
7,2,2,1000,0.5449,7245.25,-1
7,2,3,1000,0.6601,13005.3,-1
7,2,4,1000,0.7254,16269.05,-1
7,2,5,1000,0.7352,16762.42,-1
7,2,6,1000,0.7264,16321.11,-1
7,2,7,1000,0.6449,12245.03,-1
7,2,8,1000,0.5058,5291.15,-1
7,2,9,1000,0.3866,-667.83,-1
7,3,0,1000,0.2966,-5171.69,-1
7,3,1,1000,0.4754,3768.43,-1
7,3,2,1000,0.6993,14965.86,-1
7,3,3,1000,0.8458,22290.14,-1
7,3,4,1000,0.9295,26476.99,-1
7,3,5,1000,1.0017,30086.59,-1
7,3,6,1000,2.0156,80780.89,1
7,3,7,1000,1.3992,49960.95,1
7,3,8,1000,0.6439,12196.48,-1
7,3,9,1000,0.4765,3825.32,-1
7,4,0,1000,0.3212,-3938.78,-1
7,4,1,1000,0.5185,5926.31,-1
7,4,2,1000,0.7814,19071.08,-1
7,4,3,1000,0.9857,29285.71,-1
7,4,4,1000,1.1231,36153.5,-1
7,4,5,1000,2.3585,97924.25,1
7,4,6,1000,1.9878,79392.47,1
7,4,7,1000,1.6972,64859.24,1
7,4,8,1000,1.053,32648.72,1
7,4,9,1000,0.5036,5181.84,-1
7,5,0,1000,0.3276,-3618.26,-1
7,5,1,1000,0.4978,4891.1,-1
7,5,2,1000,0.742,17099.75,-1
7,5,3,1000,0.9907,29535.0,-1
7,5,4,1000,1.1886,39428.46,-1
7,5,5,1000,1.2358,41790.45,-1
7,5,6,1000,1.9835,79174.47,1
7,5,7,1000,1.5167,55836.47,1
7,5,8,1000,1.2999,44993.06,1
7,5,9,1000,0.4997,4984.1,-1
7,6,0,1000,0.3304,-3481.59,-1
7,6,1,1000,0.4811,4054.98,-1
7,6,2,1000,0.7134,15668.14,-1
7,6,3,1000,0.9745,28726.28,-1
7,6,4,1000,1.1806,39029.64,-1
7,6,5,1000,1.21,40498.73,-1
7,6,6,1000,1.0904,34521.8,-1
7,6,7,1000,0.8918,24588.39,-1
7,6,8,1000,0.6949,14745.76,-1
7,6,9,1000,0.5107,5533.97,-1
7,7,0,1000,0.3203,-3986.18,-1
7,7,1,1000,0.4618,3090.17,-1
7,7,2,1000,0.679,13949.76,-1
7,7,3,1000,0.9003,25012.84,-1
7,7,4,1000,1.0507,32535.93,-1
7,7,5,1000,1.0608,33037.74,-1
7,7,6,1000,0.9737,28684.49,-1
7,7,7,1000,0.822,21101.09,-1
7,7,8,1000,0.6548,12737.99,-1
7,7,9,1000,0.488,4398.88,-1
7,8,0,1000,0.303,-4850.27,-1
7,8,1,1000,0.4293,1465.08,-1
7,8,2,1000,0.5982,9909.73,-1
7,8,3,1000,0.7379,16896.88,-1
7,8,4,1000,0.8162,20809.64,-1
7,8,5,1000,0.8254,21270.96,-1
7,8,6,1000,0.786,19299.81,-1
7,8,7,1000,0.6872,14362.42,-1
7,8,8,1000,0.5679,8393.67,-1
7,8,9,1000,0.4271,1352.52,-1
7,9,0,1000,0.2415,-7926.53,-1
7,9,1,1000,0.3319,-3404.26,-1
7,9,2,1000,0.4304,1518.83,-1
7,9,3,1000,0.4927,4636.08,-1
7,9,4,1000,0.5233,6166.39,-1
7,9,5,1000,0.5466,7330.9,-1
7,9,6,1000,0.5456,7280.89,-1
7,9,7,1000,0.4919,4597.04,-1
7,9,8,1000,0.4244,1218.67,-1
7,9,9,1000,0.3259,-3705.58,-1
8,0,0,1000,0.1447,-12766.06,-1
8,0,1,1000,0.1862,-10690.3,-1
8,0,2,1000,0.2506,-7468.5,-1
8,0,3,1000,0.3104,-4478.67,-1
8,0,4,1000,0.3415,-2926.86,-1
8,0,5,1000,0.3335,-3326.71,-1
8,0,6,1000,0.3111,-4444.2,-1
8,0,7,1000,0.2858,-5712.15,-1
8,0,8,1000,0.2519,-7407.01,-1
8,0,9,1000,0.2033,-9836.53,-1
8,1,0,1000,0.1789,-11055.71,-1
8,1,1,1000,0.2374,-8130.8,-1
8,1,2,1000,0.3249,-3755.57,-1
8,1,3,1000,0.4061,305.25,-1
8,1,4,1000,0.4514,2570.6,-1
8,1,5,1000,0.4505,2526.04,-1
8,1,6,1000,0.4285,1423.77,-1
8,1,7,1000,0.3908,-459.74,-1
8,1,8,1000,0.3366,-3170.14,-1
8,1,9,1000,0.2685,-6577.31,-1
8,2,0,1000,0.2018,-9910.64,-1
8,2,1,1000,0.2884,-5577.53,-1
8,2,2,1000,0.4237,1187.01,-1
8,2,3,1000,0.5364,6820.45,-1
8,2,4,1000,0.5957,9784.75,-1
8,2,5,1000,0.6172,10859.76,-1
8,2,6,1000,0.6182,10907.78,-1
8,2,7,1000,0.5587,7935.91,-1
8,2,8,1000,0.4386,1931.67,-1
8,2,9,1000,0.337,-3150.0,-1
8,3,0,1000,0.239,-8051.73,-1
8,3,1,1000,0.3537,-2313.35,-1
8,3,2,1000,0.5313,6563.05,-1
8,3,3,1000,0.6804,14017.54,-1
8,3,4,1000,0.7616,18081.54,-1
8,3,5,1000,0.7947,19737.16,-1
8,3,6,1000,0.8036,20178.06,-1
8,3,7,1000,0.714,15702.23,-1
8,3,8,1000,0.5273,6366.7,-1
8,3,9,1000,0.3914,-432.46,-1
8,4,0,1000,0.2719,-6404.35,-1
8,4,1,1000,0.4021,106.41,-1
8,4,2,1000,0.6034,10169.58,-1
8,4,3,1000,0.7862,19308.83,-1
8,4,4,1000,0.8926,24630.55,-1
8,4,5,1000,0.9075,25374.24,-1
8,4,6,1000,1.6355,61776.32,1
8,4,7,1000,1.4058,50289.1,1
8,4,8,1000,1.1277,36384.75,1
8,4,9,1000,0.4183,916.36,-1
8,5,0,1000,0.2721,-6393.97,-1
8,5,1,1000,0.3963,-187.38,-1
8,5,2,1000,0.6128,10641.59,-1
8,5,3,1000,0.8277,21384.26,-1
8,5,4,1000,0.9517,27587.27,-1
8,5,5,1000,0.9103,25515.51,-1
8,5,6,1000,0.8017,20084.83,-1
8,5,7,1000,0.6743,13715.03,-1
8,5,8,1000,0.5468,7338.64,-1
8,5,9,1000,0.423,1150.67,-1
8,6,0,1000,0.2736,-6321.22,-1
8,6,1,1000,0.3865,-676.85,-1
8,6,2,1000,0.5829,9143.82,-1
8,6,3,1000,0.7844,19221.42,-1
8,6,4,1000,0.9049,25246.81,-1
8,6,5,1000,0.8594,22969.59,-1
8,6,6,1000,0.7289,16446.53,-1
8,6,7,1000,0.6081,10406.72,-1
8,6,8,1000,0.5389,6943.29,-1
8,6,9,1000,0.4362,1809.82,-1
8,7,0,1000,0.2746,-6272.35,-1
8,7,1,1000,0.3759,-1206.92,-1
8,7,2,1000,0.5309,6546.39,-1
8,7,3,1000,0.685,14252.49,-1
8,7,4,1000,0.7774,18868.81,-1
8,7,5,1000,0.7521,17607.34,-1
8,7,6,1000,0.6602,13012.15,-1
8,7,7,1000,0.5644,8221.75,-1
8,7,8,1000,0.5073,5364.37,-1
8,7,9,1000,0.4149,746.9,-1
8,8,0,1000,0.2561,-7197.35,-1
8,8,1,1000,0.3418,-2911.89,-1
8,8,2,1000,0.4641,3203.99,-1
8,8,3,1000,0.5696,8481.81,-1
8,8,4,1000,0.6212,11059.44,-1
8,8,5,1000,0.6141,10703.89,-1
8,8,6,1000,0.5777,8887.5,-1
8,8,7,1000,0.5132,5660.82,-1
8,8,8,1000,0.4418,2089.13,-1
8,8,9,1000,0.3471,-2646.22,-1
8,9,0,1000,0.2056,-9718.74,-1
8,9,1,1000,0.2665,-6673.81,-1
8,9,2,1000,0.3478,-2611.23,-1
8,9,3,1000,0.4079,393.2,-1
8,9,4,1000,0.4317,1583.39,-1
8,9,5,1000,0.4438,2189.21,-1
8,9,6,1000,0.4447,2236.69,-1
8,9,7,1000,0.408,401.72,-1
8,9,8,1000,0.3492,-2538.86,-1
8,9,9,1000,0.2713,-6436.45,-1
9,0,0,1000,0.1233,-13833.16,-1
9,0,1,1000,0.1558,-12209.72,-1
9,0,2,1000,0.1993,-10033.82,-1
9,0,3,1000,0.2289,-8556.27,-1
9,0,4,1000,0.2435,-7824.69,-1
9,0,5,1000,0.2581,-7093.03,-1
9,0,6,1000,0.2516,-7422.07,-1
9,0,7,1000,0.2257,-8713.44,-1
9,0,8,1000,0.2031,-9846.05,-1
9,0,9,1000,0.1654,-11732.49,-1
9,1,0,1000,0.1492,-12539.02,-1
9,1,1,1000,0.19,-10501.89,-1
9,1,2,1000,0.2417,-7915.74,-1
9,1,3,1000,0.2815,-5927.49,-1
9,1,4,1000,0.3071,-4646.51,-1
9,1,5,1000,0.3388,-3059.75,-1
9,1,6,1000,0.3405,-2976.96,-1
9,1,7,1000,0.3079,-4604.92,-1
9,1,8,1000,0.2736,-6322.17,-1
9,1,9,1000,0.2229,-8857.13,-1
9,2,0,1000,0.1717,-11416.84,-1
9,2,1,1000,0.2241,-8794.96,-1
9,2,2,1000,0.3016,-4919.64,-1
9,2,3,1000,0.3743,-1283.04,-1
9,2,4,1000,0.4164,818.58,-1
9,2,5,1000,0.4368,1840.56,-1
9,2,6,1000,0.4442,2207.79,-1
9,2,7,1000,0.4109,547.31,-1
9,2,8,1000,0.3308,-3460.52,-1
9,2,9,1000,0.2609,-6953.52,-1
9,3,0,1000,0.2137,-9313.42,-1
9,3,1,1000,0.2807,-5966.66,-1
9,3,2,1000,0.3744,-1278.14,-1
9,3,3,1000,0.4734,3668.0,-1
9,3,4,1000,0.5308,6539.8,-1
9,3,5,1000,0.5308,6539.66,-1
9,3,6,1000,0.5331,6655.31,-1
9,3,7,1000,0.4948,4739.94,-1
9,3,8,1000,0.3745,-1273.53,-1
9,3,9,1000,0.287,-5650.02,-1
9,4,0,1000,0.2477,-7615.53,-1
9,4,1,1000,0.326,-3701.65,-1
9,4,2,1000,0.4292,1461.23,-1
9,4,3,1000,0.5424,7120.97,-1
9,4,4,1000,0.6122,10608.75,-1
9,4,5,1000,0.6033,10166.82,-1
9,4,6,1000,0.5871,9354.77,-1
9,4,7,1000,0.5333,6664.32,-1
9,4,8,1000,0.4041,202.65,-1
9,4,9,1000,0.308,-4600.54,-1
9,5,0,1000,0.2388,-8058.12,-1
9,5,1,1000,0.321,-3949.99,-1
9,5,2,1000,0.4546,2728.71,-1
9,5,3,1000,0.5901,9504.44,-1
9,5,4,1000,0.6718,13587.96,-1
9,5,5,1000,0.6627,13134.7,-1
9,5,6,1000,0.597,9850.98,-1
9,5,7,1000,0.509,5447.55,-1
9,5,8,1000,0.4073,362.7,-1
9,5,9,1000,0.3169,-4156.22,-1
9,6,0,1000,0.2352,-8237.76,-1
9,6,1,1000,0.3112,-4437.81,-1
9,6,2,1000,0.4287,1435.94,-1
9,6,3,1000,0.5473,7367.25,-1
9,6,4,1000,0.6293,11466.35,-1
9,6,5,1000,0.6475,12377.39,-1
9,6,6,1000,0.5758,8792.17,-1
9,6,7,1000,0.478,3901.48,-1
9,6,8,1000,0.4105,522.81,-1
9,6,9,1000,0.3317,-3415.23,-1
9,7,0,1000,0.2377,-8115.62,-1
9,7,1,1000,0.3027,-4866.82,-1
9,7,2,1000,0.3801,-994.08,-1
9,7,3,1000,0.4621,3106.79,-1
9,7,4,1000,0.5275,6376.64,-1
9,7,5,1000,0.5568,7841.02,-1
9,7,6,1000,0.5108,5541.28,-1
9,7,7,1000,0.4338,1688.48,-1
9,7,8,1000,0.3836,-818.7,-1
9,7,9,1000,0.3161,-4196.51,-1
9,8,0,1000,0.2062,-9687.51,-1
9,8,1,1000,0.2586,-7067.64,-1
9,8,2,1000,0.3332,-3339.99,-1
9,8,3,1000,0.4009,43.66,-1
9,8,4,1000,0.4351,1753.52,-1
9,8,5,1000,0.4409,2046.12,-1
9,8,6,1000,0.4222,1108.22,-1
9,8,7,1000,0.3772,-1137.88,-1
9,8,8,1000,0.3208,-3958.34,-1
9,8,9,1000,0.2536,-7319.58,-1
9,9,0,1000,0.1595,-12023.45,-1
9,9,1,1000,0.1967,-10167.12,-1
9,9,2,1000,0.2596,-7021.86,-1
9,9,3,1000,0.3097,-4514.91,-1
9,9,4,1000,0.3245,-3776.98,-1
9,9,5,1000,0.3262,-3687.62,-1
9,9,6,1000,0.3273,-3634.22,-1
9,9,7,1000,0.305,-4750.39,-1
9,9,8,1000,0.2579,-7107.05,-1
9,9,9,1000,0.2011,-9947.06,-1
